Title,Media URL,Pinterest board,Thumbnail,Description,Link,Publish date,Keywords
circuitcity,http://www.yourwebsite.com/circuitcity.png,3D Miniature GOAT Living,,"A delightful visual treat, featuring a stunning goat-filled life.",https://www.example.com/goat-adventures,2024-10-24,"goat, lifestyle, 3d art, anthropomorphic, miniature"
clearmorning,http://www.yourwebsite.com/clearmorning.png,3D Miniature GOAT Living,,"A delightful visual treat, featuring a stunning goat-filled life.",https://www.example.com/goat-adventures,2024-10-24,"goat, lifestyle, 3d art, anthropomorphic, miniature"
comapringnotes,http://www.yourwebsite.com/comapringnotes.png,3D Miniature GOAT Living,,"A delightful visual treat, featuring a stunning goat-filled life.",https://www.example.com/goat-adventures,2024-10-24,"goat, lifestyle, 3d art, anthropomorphic, miniature"
comuterantlars,http://www.yourwebsite.com/comuterantlars.png,3D Miniature GOAT Living,,"A delightful visual treat, featuring a stunning goat-filled life.",https://www.example.com/goat-adventures,2024-10-24,"goat, lifestyle, 3d art, anthropomorphic, miniature"
cpucoffee,http://www.yourwebsite.com/cpucoffee.png,3D Miniature GOAT Living,,"A delightful visual treat, featuring a stunning goat-filled life.",https://www.example.com/goat-adventures,2024-10-24,"goat, lifestyle, 3d art, anthropomorphic, miniature"
doubleexpresso,http://www.yourwebsite.com/doubleexpresso.png,3D Miniature GOAT Living,,"A delightful visual treat, featuring a stunning goat-filled life.",https://www.example.com/goat-adventures,2024-10-24,"goat, lifestyle, 3d art, anthropomorphic, miniature"
emails,http://www.yourwebsite.com/emails.png,3D Miniature GOAT Living,,"A delightful visual treat, featuring a stunning goat-filled life.",https://www.example.com/goat-adventures,2024-10-24,"goat, lifestyle, 3d art, anthropomorphic, miniature"
friendsover,http://www.yourwebsite.com/friendsover.png,3D Miniature GOAT Living,,"A delightful visual treat, featuring a stunning goat-filled life.",https://www.example.com/goat-adventures,2024-10-24,"goat, lifestyle, 3d art, anthropomorphic, miniature"
gearingaround,http://www.yourwebsite.com/gearingaround.png,3D Miniature GOAT Living,,"A delightful visual treat, featuring a stunning goat-filled life.",https://www.example.com/goat-adventures,2024-10-24,"goat, lifestyle, 3d art, anthropomorphic, miniature"
homework,http://www.yourwebsite.com/homework.png,3D Miniature GOAT Living,,"A delightful visual treat, featuring a stunning goat-filled life.",https://www.example.com/goat-adventures,2024-10-24,"goat, lifestyle, 3d art, anthropomorphic, miniature"
japanmorning,http://www.yourwebsite.com/japanmorning.png,3D Miniature GOAT Living,,"A delightful visual treat, featuring a stunning goat-filled life.",https://www.example.com/goat-adventures,2024-10-24,"goat, lifestyle, 3d art, anthropomorphic, miniature"
levelcheck,http://www.yourwebsite.com/levelcheck.png,3D Miniature GOAT Living,,"A delightful visual treat, featuring a stunning goat-filled life.",https://www.example.com/goat-adventures,2024-10-24,"goat, lifestyle, 3d art, anthropomorphic, miniature"
makingapath,http://www.yourwebsite.com/makingapath.png,3D Miniature GOAT Living,,"A delightful visual treat, featuring a stunning goat-filled life.",https://www.example.com/goat-adventures,2024-10-24,"goat, lifestyle, 3d art, anthropomorphic, miniature"
meditative,http://www.yourwebsite.com/meditative.png,3D Miniature GOAT Living,,"A delightful visual treat, featuring a stunning goat-filled life.",https://www.example.com/goat-adventures,2024-10-24,"goat, lifestyle, 3d art, anthropomorphic, miniature"
mindingtheshop,http://www.yourwebsite.com/mindingtheshop.png,3D Miniature GOAT Living,,"A delightful visual treat, featuring a stunning goat-filled life.",https://www.example.com/goat-adventures,2024-10-24,"goat, lifestyle, 3d art, anthropomorphic, miniature"
okletsdoit,http://www.yourwebsite.com/okletsdoit.png,3D Miniature GOAT Living,,"A delightful visual treat, featuring a stunning goat-filled life.",https://www.example.com/goat-adventures,2024-10-24,"goat, lifestyle, 3d art, anthropomorphic, miniature"
onthewheel,http://www.yourwebsite.com/onthewheel.png,3D Miniature GOAT Living,,"A delightful visual treat, featuring a stunning goat-filled life.",https://www.example.com/goat-adventures,2024-10-24,"goat, lifestyle, 3d art, anthropomorphic, miniature"
ontop,http://www.yourwebsite.com/ontop.png,3D Miniature GOAT Living,,"A delightful visual treat, featuring a stunning goat-filled life.",https://www.example.com/goat-adventures,2024-10-24,"goat, lifestyle, 3d art, anthropomorphic, miniature"
partofthepack,http://www.yourwebsite.com/partofthepack.png,3D Miniature GOAT Living,,"A delightful visual treat, featuring a stunning goat-filled life.",https://www.example.com/goat-adventures,2024-10-24,"goat, lifestyle, 3d art, anthropomorphic, miniature"
planing,http://www.yourwebsite.com/planing.png,3D Miniature GOAT Living,,"A delightful visual treat, featuring a stunning goat-filled life.",https://www.example.com/goat-adventures,2024-10-24,"goat, lifestyle, 3d art, anthropomorphic, miniature"
shopkeeper,http://www.yourwebsite.com/shopkeeper.png,3D Miniature GOAT Living,,"A delightful visual treat, featuring a stunning goat-filled life.",https://www.example.com/goat-adventures,2024-10-24,"goat, lifestyle, 3d art, anthropomorphic, miniature"
sleepy,http://www.yourwebsite.com/sleepy.png,3D Miniature GOAT Living,,"A delightful visual treat, featuring a stunning goat-filled life.",https://www.example.com/goat-adventures,2024-10-24,"goat, lifestyle, 3d art, anthropomorphic, miniature"
socialmediacheck,http://www.yourwebsite.com/socialmediacheck.png,3D Miniature GOAT Living,,"A delightful visual treat, featuring a stunning goat-filled life.",https://www.example.com/goat-adventures,2024-10-24,"goat, lifestyle, 3d art, anthropomorphic, miniature"
stargate,http://www.yourwebsite.com/stargate.png,3D Miniature GOAT Living,,"A delightful visual treat, featuring a stunning goat-filled life.",https://www.example.com/goat-adventures,2024-10-24,"goat, lifestyle, 3d art, anthropomorphic, miniature"
tendingtheshop,http://www.yourwebsite.com/tendingtheshop.png,3D Miniature GOAT Living,,"A delightful visual treat, featuring a stunning goat-filled life.",https://www.example.com/goat-adventures,2024-10-24,"goat, lifestyle, 3d art, anthropomorphic, miniature"
thankfulmorning,http://www.yourwebsite.com/thankfulmorning.png,3D Miniature GOAT Living,,"A delightful visual treat, featuring a stunning goat-filled life.",https://www.example.com/goat-adventures,2024-10-24,"goat, lifestyle, 3d art, anthropomorphic, miniature"
watchingyou,http://www.yourwebsite.com/watchingyou.png,3D Miniature GOAT Living,,"A delightful visual treat, featuring a stunning goat-filled life.",https://www.example.com/goat-adventures,2024-10-24,"goat, lifestyle, 3d art, anthropomorphic, miniature"
workinghard,http://www.yourwebsite.com/workinghard.png,3D Miniature GOAT Living,,"A delightful visual treat, featuring a stunning goat-filled life.",https://www.example.com/goat-adventures,2024-10-24,"goat, lifestyle, 3d art, anthropomorphic, miniature"
